Revenue Source,Amount,Fund Type,Fiscal Year ,Fiscal Year Shorthand
Business Tax,590000000,General Fund,2018-2019,2019
Documentary Transfer Tax,214548000,General Fund,2018-2019,2019
Franchise Income,78816000,General Fund,2018-2019,2019
Grants Receipts,12003184,General Fund,2018-2019,2019
Interest,32137000,General Fund,2018-2019,2019
Parking Fines,141900000,General Fund,2018-2019,2019
Parking Occupancy Tax,118400000,General Fund,2018-2019,2019
Power Revenue Transfer,238000000,General Fund,2018-2019,2019
Property Tax,1961509000,General Fund,2018-2019,2019
Property Tax - Ex-CRA Increment,97252000,General Fund,2018-2019,2019
Residential Development Tax,5280000,General Fund,2018-2019,2019
Sales Tax,557990000,General Fund,2018-2019,2019
Special Parking Revenue Transfer,32115566,General Fund,2018-2019,2019
State Motor Vehicle License Fees,2127000,General Fund,2018-2019,2019
Tobacco Settlement,10952000,General Fund,2018-2019,2019
Transfer from Reserve Fund,5791190,General Fund,2018-2019,2019
Transient Occupancy Tax,322160000,General Fund,2018-2019,2019
Utility Users Tax,641570000,General Fund,2018-2019,2019
Accessible Housing Fund,15113289,Special Fund,2018-2019,2019
Allocations from Other Sources,82668029,Special Fund,2018-2019,2019
Arts Development Fee Trust Fund,6078727,Special Fund,2018-2019,2019
Arts and Cultural Facilities and Services Fund,27018326,Special Fund,2018-2019,2019
Building and Safety Enterprise Fund,376332149,Special Fund,2018-2019,2019
Central Recycling and Transfer Fund,17198011,Special Fund,2018-2019,2019
City Employees Ridesharing Fund,5569812,Special Fund,2018-2019,2019
City Employees' Retirement Fund,110370050,Special Fund,2018-2019,2019
City Ethics Commission Fund,3501586,Special Fund,2018-2019,2019
Citywide Recycling Fund,51645728,Special Fund,2018-2019,2019
Code Compliance Fund,2415101,Special Fund,2018-2019,2019
Code Enforcement Trust Fund,63079902,Special Fund,2018-2019,2019
Community Development Trust Fund,24533183,Special Fund,2018-2019,2019
Community Services Administration Grant,1800000,Special Fund,2018-2019,2019
Convention Center Revenue Fund,35909702,Special Fund,2018-2019,2019
Disaster Assistance Trust Fund,20173281,Special Fund,2018-2019,2019
El Pueblo Revenue Fund,5395526,Special Fund,2018-2019,2019
Fines--State Vehicle Code,4100000,Special Fund,2018-2019,2019
Forfeited Assets Trust Fund,1972162,Special Fund,2018-2019,2019
HOME Investment Partnerships Program Fund,5498893,Special Fund,2018-2019,2019
Household Hazardous Waste Special Fund,8179050,Special Fund,2018-2019,2019
Housing Department Affordable Housing Trust Fund,6415317,Special Fund,2018-2019,2019
Housing Opportunities for Persons with AIDS Fund,624411,Special Fund,2018-2019,2019
L.A. Convention and Visitors Bureau Fund,31014466,Special Fund,2018-2019,2019
Landfill Maintenance Trust Fund,0,Special Fund,2018-2019,2019
Local Public Safety Fund,45425493,Special Fund,2018-2019,2019
Local Transportation Fund,6172212,Special Fund,2018-2019,2019
Measure M Local Return Fund,46776991,Special Fund,2018-2019,2019
Measure R Traffic Relief and Rail Expansion Fund,52134663,Special Fund,2018-2019,2019
Mobile Source Air Pollution Reduction Fund,9271670,Special Fund,2018-2019,2019
Multi-Family Bulky Item Fund,15121144,Special Fund,2018-2019,2019
Municipal Housing Finance Fund,6586015,Special Fund,2018-2019,2019
Neighborhood Empowerment Fund,3080188,Special Fund,2018-2019,2019
Older Americans Act Fund,2865906,Special Fund,2018-2019,2019
Park and Recreational Sites and Facilities Fund,3500000,Special Fund,2018-2019,2019
Planning Case Processing Revenue Fund,37670662,Special Fund,2018-2019,2019
Prop. C Anti-Gridlock Transit Improvement Fund,99172876,Special Fund,2018-2019,2019
Property Tax - City Levy for Bond Redemption and Interest,119167296,Special Fund,2018-2019,2019
Proposition A Local Transit Assistance Fund,241680529,Special Fund,2018-2019,2019
Rent Stabilization Trust Fund,26512698,Special Fund,2018-2019,2019
Sewer Construction and Maintenance Fund,1092498889,Special Fund,2018-2019,2019
Sidewalk Repair Fund,24289959,Special Fund,2018-2019,2019
Solid Waste Resources Revenue Fund,470717535,Special Fund,2018-2019,2019
Special Gas Tax Street Improvement Fund,178896424,Special Fund,2018-2019,2019
Special Parking Revenue Fund,56766787,Special Fund,2018-2019,2019
Special Police Comm./911 System Tax Fund,0,Special Fund,2018-2019,2019
Staples Arena Special Fund,9743344,Special Fund,2018-2019,2019
Stormwater Pollution Abatement Fund,34996528,Special Fund,2018-2019,2019
Street Damage Restoration Fee Fund,70707721,Special Fund,2018-2019,2019
Street Lighting Maintenance Assessment Fund,71507289,Special Fund,2018-2019,2019
Supplemental Law Enforcement Services Fund,14782405,Special Fund,2018-2019,2019
Telecommunications Development Account,17512810,Special Fund,2018-2019,2019
Workforce Innovation Opportunity Act Fund,17192925,Special Fund,2018-2019,2019
Zoo Enterprise Trust Fund,27814751,Special Fund,2018-2019,2019
Business Tax,518900000,General Fund,2017-2018,2018
Documentary Transfer Tax,219096000,General Fund,2017-2018,2018
Franchise Income,58123000,General Fund,2017-2018,2018
Grants Receipts,19762428,General Fund,2017-2018,2018
Interest,23957000,General Fund,2017-2018,2018
Parking Fines,140900000,General Fund,2017-2018,2018
Parking Occupancy Tax,112900000,General Fund,2017-2018,2018
Power Revenue Transfer,242500000,General Fund,2017-2018,2018
Property Tax,1833755000,General Fund,2017-2018,2018
Property Tax - Ex-CRA Increment,74168000,General Fund,2017-2018,2018
Residential Development Tax,4800000,General Fund,2017-2018,2018
Sales Tax,528670000,General Fund,2017-2018,2018
Special Parking Revenue Transfer,38632909,General Fund,2017-2018,2018
Business Tax,491000000,General Fund,2015-2016,2016
State Motor Vehicle License Fees,1806000,General Fund,2017-2018,2018
Tobacco Settlement,9084000,General Fund,2017-2018,2018
Transfer from Reserve Fund,9107662,General Fund,2017-2018,2018
Transient Occupancy Tax,282100000,General Fund,2017-2018,2018
Utility Users Tax,661200000,General Fund,2017-2018,2018
Allocations from Other Sources,90636679,Special Fund,2017-2018,2018
Arts Development Fee Trust Fund,1960000,Special Fund,2017-2018,2018
Arts Development Fee Trust Fund,221556,Special Fund,2017-2018,2018
Arts and Cultural Facilities and Services Fund,22757572,Special Fund,2017-2018,2018
Arts and Cultural Facilities and Services Fund,866104,Special Fund,2017-2018,2018
Building and Safety Enterprise Fund,144845604,Special Fund,2017-2018,2018
Building and Safety Enterprise Fund,183322232,Special Fund,2017-2018,2018
Central Recycling and Transfer Fund,7583454,Special Fund,2017-2018,2018
Central Recycling and Transfer Fund,6100000,Special Fund,2017-2018,2018
City Employees Ridesharing Fund,3310000,Special Fund,2017-2018,2018
City Employees Ridesharing Fund,1425671,Special Fund,2017-2018,2018
City Employees' Retirement Fund,102213802,Special Fund,2017-2018,2018
City Ethics Commission Fund,3053968,Special Fund,2017-2018,2018
City Ethics Commission Fund,265901,Special Fund,2017-2018,2018
Citywide Recycling Fund,25350000,Special Fund,2017-2018,2018
Citywide Recycling Fund,26144764,Special Fund,2017-2018,2018
Code Enforcement Trust Fund,39728095,Special Fund,2017-2018,2018
Code Enforcement Trust Fund,37528986,Special Fund,2017-2018,2018
Community Development Trust Fund,19407771,Special Fund,2017-2018,2018
Community Services Administration Grant,1837449,Special Fund,2017-2018,2018
Convention Center Revenue Fund,27656632,Special Fund,2017-2018,2018
Convention Center Revenue Fund,5000000,Special Fund,2017-2018,2018
Disaster Assistance Trust Fund,753000,Special Fund,2017-2018,2018
Disaster Assistance Trust Fund,20234837,Special Fund,2017-2018,2018
El Pueblo Revenue Fund,4859619,Special Fund,2017-2018,2018
El Pueblo Revenue Fund,208344,Special Fund,2017-2018,2018
Fines--State Vehicle Code,5590000,Special Fund,2017-2018,2018
Forfeited Assets Trust Fund,5551189,Special Fund,2017-2018,2018
HOME Investment Partnerships Program Fund,6450646,Special Fund,2017-2018,2018
Household Hazardous Waste Special Fund,3038895,Special Fund,2017-2018,2018
Household Hazardous Waste Special Fund,3393000,Special Fund,2017-2018,2018
Housing Department Affordable Housing Trust Fund,11162180,Special Fund,2017-2018,2018
Housing Department Affordable Housing Trust Fund,55883,Special Fund,2017-2018,2018
Housing Opportunities for Persons with AIDS,565450,Special Fund,2017-2018,2018
L. A.  Convention and Visitors Bureau Fund,21700000,Special Fund,2017-2018,2018
L.A. Convention and Visitors Bureau Fund,3366709,Special Fund,2017-2018,2018
Local Public Safety Fund,43585631,Special Fund,2017-2018,2018
Local Transportation Fund,11492084,Special Fund,2017-2018,2018
Local Transportation Fund,1036171,Special Fund,2017-2018,2018
Measure M Local Return Fund,39100000,Special Fund,2017-2018,2018
Measure R Traffic Relief and Rail Expansion Fund,18711272,Special Fund,2017-2018,2018
Measure R Traffic Relief and Rail Expansion Fund,45400000,Special Fund,2017-2018,2018
Mobile Source Air Pollution Reduction Fund,4750000,Special Fund,2017-2018,2018
Mobile Source Air Pollution Reduction Fund,1289168,Special Fund,2017-2018,2018
Multi-Family Bulky Item Fund,7380000,Special Fund,2017-2018,2018
Multi-Family Bulky Item Fund,4184345,Special Fund,2017-2018,2018
Municipal Housing Finance Fund,4827722,Special Fund,2017-2018,2018
Municipal Housing Finance Fund,1470033,Special Fund,2017-2018,2018
Neighborhood Empowerment Fund,413826,Special Fund,2017-2018,2018
Neighborhood Empowerment Fund,2595396,Special Fund,2017-2018,2018
Older Americans Act Fund,2824648,Special Fund,2017-2018,2018
Park and Recreational Sites and Facilities Fund,2500000,Special Fund,2017-2018,2018
Planning Case Processing Revenue Fund,35700000,Special Fund,2017-2018,2018
Planning Case Processing Revenue Fund,14404112,Special Fund,2017-2018,2018
Prop. C Anti-Gridlock Transit Improvement Fund,76893531,Special Fund,2017-2018,2018
Prop. C Anti-Gridlock Transit Improvement Fund,10006117,Special Fund,2017-2018,2018
Property Tax - City Levy for Bond Redemption and Interest,122623642,Special Fund,2017-2018,2018
Proposition A Local Transit Assistance Fund,107426501,Special Fund,2017-2018,2018
Proposition A Local Transit Assistance Fund,149432903,Special Fund,2017-2018,2018
Rent Stabilization Trust Fund,10826548,Special Fund,2017-2018,2018
Rent Stabilization Trust Fund,14429625,Special Fund,2017-2018,2018
Sewer Construction and Maintenance Fund,40417779,Special Fund,2017-2018,2018
Sewer Construction and Maintenance Fund,999789050,Special Fund,2017-2018,2018
Sidewalk Repair Fund,6576165,Special Fund,2017-2018,2018
Sidewalk Repair Fund,13749370,Special Fund,2017-2018,2018
Solid Waste Resources Revenue Fund,312904849,Special Fund,2017-2018,2018
Solid Waste Resources Revenue Fund,136293538,Special Fund,2017-2018,2018
Special Gas Tax Fund,109154,Special Fund,2017-2018,2018
Special Gas Tax Street Improvement Fund,122186073,Special Fund,2017-2018,2018
Special Parking Revenue Fund,52577091,Special Fund,2017-2018,2018
Special Parking Revenue Fund,10044679,Special Fund,2017-2018,2018
Special Police Comm./911 System Tax Fund,115081,Special Fund,2017-2018,2018
Staples Arena Special Fund,4184998,Special Fund,2017-2018,2018
Staples Arena Special Fund,3842653,Special Fund,2017-2018,2018
Stormwater Pollution Abatement Fund,4007207,Special Fund,2017-2018,2018
Stormwater Pollution Abatement Fund,35901568,Special Fund,2017-2018,2018
Street Damage Restoration Fee Fund,21761,Special Fund,2017-2018,2018
Street Damage Restoration Fee Fund,8310000,Special Fund,2017-2018,2018
Street Lighting Maintenance Asmt. Fund,14800335,Special Fund,2017-2018,2018
Street Lighting Maintenance Assessment Fund,53121977,Special Fund,2017-2018,2018
Supplemental Law Enforcement Services,6410354,Special Fund,2017-2018,2018
Supplemental Law Enforcement Services Fund,6961930,Special Fund,2017-2018,2018
Telecommunications Development Account,18400000,Special Fund,2017-2018,2018
Telecommunications Development Account,1530220,Special Fund,2017-2018,2018
Traffic Safety Fund,408238,Special Fund,2017-2018,2018
Workforce Innovation Opportunity Act Fund,16663434,Special Fund,2017-2018,2018
Zoo Enterprise Fund,21279709,Special Fund,2017-2018,2018
Zoo Enterprise Trust Fund,3613245,Special Fund,2017-2018,2018
Adopted Budget General Fund Revisions,18114764,General Fund,2016-2017,2017
Business Tax,502300000,General Fund,2016-2017,2017
Documentary Transfer Tax,200184000,General Fund,2016-2017,2017
Franchise Income,42180000,General Fund,2016-2017,2017
Grants Receipts,12042000,General Fund,2016-2017,2017
Interest,18900000,General Fund,2016-2017,2017
Parking Fines,152000000,General Fund,2016-2017,2017
Parking Users' Tax,111000000,General Fund,2016-2017,2017
Power Revenue Transfer,291000000,General Fund,2016-2017,2017
Property Tax,1786069000,General Fund,2016-2017,2017
Property Tax - Ex-CRA Increment,54594000,General Fund,2016-2017,2017
Residential Development Tax,4740000,General Fund,2016-2017,2017
Sales Tax,520020000,General Fund,2016-2017,2017
Special Parking Revenue Transfer,28062866,General Fund,2016-2017,2017
State Motor Vehicle License Fees,1596590,General Fund,2016-2017,2017
Tobacco Settlement,9106000,General Fund,2016-2017,2017
Transfer from Reserve Fund,35182244,General Fund,2016-2017,2017
Transient Occupancy Tax,240800000,General Fund,2016-2017,2017
Transit Occupancy Tax Airbnb,5769000,General Fund,2016-2017,2017
Adopted Budget Spevial Fund Revisions,1277984,Special Fund,2016-2017,2017
Allocations from Other Sources,44142315,Special Fund,2016-2017,2017
Arts Development Fee Trust Fund,2523918,Special Fund,2016-2017,2017
Arts and Cultural Facilities and Services Fund,20077260,Special Fund,2016-2017,2017
Building and Safety Enterprise Fund,263698889,Special Fund,2016-2017,2017
Central Recycling and Transfer Fund,9917721,Special Fund,2016-2017,2017
City Employees Ridesharing Fund,3399500,Special Fund,2016-2017,2017
City Employees' Retirement Fund,106456869,Special Fund,2016-2017,2017
City Ethics Commission Fund,3075429,Special Fund,2016-2017,2017
Citywide Recycling Fund,53421595,Special Fund,2016-2017,2017
Code Enforcement Trust Fund,82538505,Special Fund,2016-2017,2017
Community Development Trust Fund,21910312,Special Fund,2016-2017,2017
Community Services Administration Grant,1460392,Special Fund,2016-2017,2017
Convention Center Revenue Fund,30481784,Special Fund,2016-2017,2017
Disaster Assistance Trust Fund,60805184,Special Fund,2016-2017,2017
El Pueblo Revenue Fund,4882958,Special Fund,2016-2017,2017
Fines--State Vehicle Code,5054000,Special Fund,2016-2017,2017
Forfeited Assets Trust Fund,3096181,Special Fund,2016-2017,2017
HOME Investment Partnerships Program Fund,5624723,Special Fund,2016-2017,2017
Household Hazardous Waste Special Fund,5776127,Special Fund,2016-2017,2017
Housing Department Affordable Housing Trust Fund,78874193,Special Fund,2016-2017,2017
Housing Opportunities for Persons with AIDS,411006,Special Fund,2016-2017,2017
L. A.  Convention and Visitors Bureau Fund,18523077,Special Fund,2016-2017,2017
L.A. Convention and Visitors Bureau Fund,2822221,Special Fund,2016-2017,2017
Landfill Maintenance Special Fund,4935261,Special Fund,2016-2017,2017
Landfill Maintenance Trust Fund,140463,Special Fund,2016-2017,2017
Local Public Safety Fund,43585631,Special Fund,2016-2017,2017
Local Transportation Fund,2155125,Special Fund,2016-2017,2017
Measure R Traffic Relief and Rail Expansion Fund,61792414,Special Fund,2016-2017,2017
Mobile Source Air Pollution Reduction Fund,5435079,Special Fund,2016-2017,2017
Multi-Family Bulky Item Fund,11983486,Special Fund,2016-2017,2017
Municipal Housing Finance Fund,3877530,Special Fund,2016-2017,2017
Neighborhood Empowerment Fund,6141883,Special Fund,2016-2017,2017
Older Americans Act Fund,2827098,Special Fund,2016-2017,2017
Park and Recreational Sites and Facilities Fund,3000000,Special Fund,2016-2017,2017
Planning Case Processing Revenue Fund,37354893,Special Fund,2016-2017,2017
Prop. C Anti-Gridlock Transit Improvement Fund,86002318,Special Fund,2016-2017,2017
Property Tax - City Levy for Bond Redemption and Interest,122494656,Special Fund,2016-2017,2017
Proposition A Local Transit Assistance Fund,209136219,Special Fund,2016-2017,2017
Rent Stabilization Trust Fund,25922356,Special Fund,2016-2017,2017
Sewer Construction and Maintenance Fund,921945412,Special Fund,2016-2017,2017
Sidewalk Repair Fund,23306000,Special Fund,2016-2017,2017
Solid Waste Resources Revenue Fund,428762622,Special Fund,2016-2017,2017
Special Gas Tax Fund,42462,Special Fund,2016-2017,2017
Special Gas Tax Street Improvement Fund,92194000,Special Fund,2016-2017,2017
Special Parking Revenue Fund,55266148,Special Fund,2016-2017,2017
Staples Arena Special Fund,8015204,Special Fund,2016-2017,2017
Stormwater Pollution Abatement Fund,55005121,Special Fund,2016-2017,2017
Street Damage Restoration Fee Fund,10584956,Special Fund,2016-2017,2017
Street Lighting Maintenance Asmt. Fund,13946481,Special Fund,2016-2017,2017
Street Lighting Maintenance Assessment Fund,52214330,Special Fund,2016-2017,2017
Supplemental Law Enforcement Services,6407000,Special Fund,2016-2017,2017
Supplemental Law Enforcement Services Fund,2928948,Special Fund,2016-2017,2017
Telecommunications Development Account,30857120,Special Fund,2016-2017,2017
Traffic Safety Fund,872,Special Fund,2016-2017,2017
Workforce Investment Act,19046097,Special Fund,2016-2017,2017
Zoo Enterprise Fund,20526113,Special Fund,2016-2017,2017
Zoo Enterprise Trust Fund,2440491,Special Fund,2016-2017,2017
Documentary Transfer Tax,204115000,General Fund,2015-2016,2016
Franchise Income,45623198,General Fund,2015-2016,2016
Grants Receipts,10050000,General Fund,2015-2016,2016
Interest,17600000,General Fund,2015-2016,2016
Parking Fines,157590000,General Fund,2015-2016,2016
Parking Users' Tax,103600000,General Fund,2015-2016,2016
Power Revenue Transfer,275300000,General Fund,2015-2016,2016
Property Tax,1765230000,General Fund,2015-2016,2016
Property Tax - Ex-CRA Increment,52580000,General Fund,2015-2016,2016
Residential Development Tax,4740000,General Fund,2015-2016,2016
Sales Tax,426120000,General Fund,2015-2016,2016
Special Parking Revenue Transfer,56500000,General Fund,2015-2016,2016
State Motor Vehicle License Fees,1678000,General Fund,2015-2016,2016
Tobacco Settlement,9106000,General Fund,2015-2016,2016
Transfer from Reserve Fund,60312889,General Fund,2015-2016,2016
Transfer from Telecommunications Dev. Account,5223022,General Fund,2015-2016,2016
Transient Occupancy Tax,221000000,General Fund,2015-2016,2016
Allocations from Other Sources,48869390,Special Fund,2015-2016,2016
Arts Development Fee Trust Fund,1663000,Special Fund,2015-2016,2016
Arts Development Fee Trust Fund,695411,Special Fund,2015-2016,2016
Arts and Cultural Facilities and Services Fund,17372880,Special Fund,2015-2016,2016
Arts and Cultural Facilities and Services Fund,196868,Special Fund,2015-2016,2016
Building and Safety Enterprise Fund,138037649,Special Fund,2015-2016,2016
Building and Safety Enterprise Fund,106589136,Special Fund,2015-2016,2016
Central Recycling and Transfer Fund,2424387,Special Fund,2015-2016,2016
Central Recycling and Transfer Fund,4905000,Special Fund,2015-2016,2016
City Employees Ridesharing Fund,3238837,Special Fund,2015-2016,2016
City Employees Ridesharing Fund,218403,Special Fund,2015-2016,2016
City Employees' Retirement Fund,102171275,Special Fund,2015-2016,2016
City Ethics Commission Fund,2452515,Special Fund,2015-2016,2016
City Ethics Commission Fund,449372,Special Fund,2015-2016,2016
Citywide Recycling Fund,21506000,Special Fund,2015-2016,2016
Citywide Recycling Fund,26752891,Special Fund,2015-2016,2016
Code Enforcement Trust Fund,34885839,Special Fund,2015-2016,2016
Code Enforcement Trust Fund,48687800,Special Fund,2015-2016,2016
Community Development Trust Fund,20535490,Special Fund,2015-2016,2016
Community Services Administration Grant,1360392,Special Fund,2015-2016,2016
Convention Center Revenue Fund,4999862,Special Fund,2015-2016,2016
Convention Center Revenue Fund,24083248,Special Fund,2015-2016,2016
Disaster Assistance Trust Fund,4272844,Special Fund,2015-2016,2016
Disaster Assistance Trust Fund,44710167,Special Fund,2015-2016,2016
El Pueblo Revenue Fund,4461686,Special Fund,2015-2016,2016
El Pueblo Revenue Fund,518993,Special Fund,2015-2016,2016
Fines--State Vehicle Code,7000000,Special Fund,2015-2016,2016
Forfeited Assets Trust Fund,3893765,Special Fund,2015-2016,2016
HOME Investment Partnerships Program Fund,6642148,Special Fund,2015-2016,2016
Household Hazardous Waste Special Fund,1734875,Special Fund,2015-2016,2016
Household Hazardous Waste Special Fund,3393000,Special Fund,2015-2016,2016
Housing Department Affordable Housing Trust Fund,942066,Special Fund,2015-2016,2016
Housing Department Affordable Housing Trust Fund,10185000,Special Fund,2015-2016,2016
Housing Opportunities for Persons with AIDS,763297,Special Fund,2015-2016,2016
L. A.  Convention and Visitors Bureau Fund,16615000,Special Fund,2015-2016,2016
L.A. Convention and Visitors Bureau Fund,2838424,Special Fund,2015-2016,2016
Landfill Maintenance Special Fund,4236431,Special Fund,2015-2016,2016
Landfill Maintenance Trust Fund,848775,Special Fund,2015-2016,2016
Local Public Safety Fund,43250000,Special Fund,2015-2016,2016
Local Public Safety Fund,335631,Special Fund,2015-2016,2016
Local Transportation Fund,2913652,Special Fund,2015-2016,2016
Local Transportation Fund,985,Special Fund,2015-2016,2016
Measure R Traffic Relief and Rail Expansion Fund,6723854,Special Fund,2015-2016,2016
Measure R Traffic Relief and Rail Expansion Fund,42400000,Special Fund,2015-2016,2016
Mobile Source Air Pollution Reduction Fund,4631000,Special Fund,2015-2016,2016
Mobile Source Air Pollution Reduction Fund,103274,Special Fund,2015-2016,2016
Multi-Family Bulky Item Fund,6580000,Special Fund,2015-2016,2016
Multi-Family Bulky Item Fund,7017649,Special Fund,2015-2016,2016
Municipal Housing Finance Fund,3576000,Special Fund,2015-2016,2016
Municipal Housing Finance Fund,270588,Special Fund,2015-2016,2016
Neighborhood Empowerment Fund,1563683,Special Fund,2015-2016,2016
Neighborhood Empowerment Fund,5291545,Special Fund,2015-2016,2016
Older Americans Act Fund,2741038,Special Fund,2015-2016,2016
Park and Recreational Sites and Facilities Fund,2750000,Special Fund,2015-2016,2016
Planning Case Processing Revenue Fund,24912139,Special Fund,2015-2016,2016
Planning Case Processing Revenue Fund,13977203,Special Fund,2015-2016,2016
Prop. C Anti-Gridlock Transit Improvement Fund,11453736,Special Fund,2015-2016,2016
Prop. C Anti-Gridlock Transit Improvement Fund,73061199,Special Fund,2015-2016,2016
Property Tax - City Levy for Bond Redemption and Interest,137526468,Special Fund,2015-2016,2016
Proposition A Local Transit Assistance Fund,157509671,Special Fund,2015-2016,2016
Proposition A Local Transit Assistance Fund,161722484,Special Fund,2015-2016,2016
Rent Stabilization Trust Fund,9720690,Special Fund,2015-2016,2016
Rent Stabilization Trust Fund,14723950,Special Fund,2015-2016,2016
Sewer Construction and Maintenance Fund,86482323,Special Fund,2015-2016,2016
Sewer Construction and Maintenance Fund,801858911,Special Fund,2015-2016,2016
Solid Waste Resources Revenue Fund,124739257,Special Fund,2015-2016,2016
Solid Waste Resources Revenue Fund,304979590,Special Fund,2015-2016,2016
Special Gas Tax Fund,22572099,Special Fund,2015-2016,2016
Special Gas Tax Street Improvement Fund,100978900,Special Fund,2015-2016,2016
Special Parking Revenue Fund,29398020,Special Fund,2015-2016,2016
Special Parking Revenue Fund,23289753,Special Fund,2015-2016,2016
Special Police Comm./911 System Tax Fund,16145,Special Fund,2015-2016,2016
Special Police Comm./911 System Tax Fund,203855,Special Fund,2015-2016,2016
Staples Arena Special Fund,10873203,Special Fund,2015-2016,2016
Staples Arena Special Fund,5997113,Special Fund,2015-2016,2016
Stormwater Pollution Abatement Fund,2305486,Special Fund,2015-2016,2016
Stormwater Pollution Abatement Fund,37718917,Special Fund,2015-2016,2016
Street Damage Restoration Fee Fund,10069000,Special Fund,2015-2016,2016
Street Damage Restoration Fee Fund,680,Special Fund,2015-2016,2016
Street Lighting Maintenance Asmt. Fund,4828298,Special Fund,2015-2016,2016
Street Lighting Maintenance Assessment Fund,60677901,Special Fund,2015-2016,2016
Supplemental Law Enforcement Services,5060000,Special Fund,2015-2016,2016
Supplemental Law Enforcement Services Fund,3393558,Special Fund,2015-2016,2016
Telecommunications Development Account,11859422,Special Fund,2015-2016,2016
Telecommunications Development Account,23428135,Special Fund,2015-2016,2016
Traffic Safety Fund,946672,Special Fund,2015-2016,2016
Workforce Investment Act,18779430,Special Fund,2015-2016,2016
Zoo Enterprise Fund,19771545,Special Fund,2015-2016,2016
Zoo Enterprise Trust Fund,2044775,Special Fund,2015-2016,2016
Business Tax,459500000,General Fund,2014-2015,2015
Documentary Transfer Tax,196800000,General Fund,2014-2015,2015
Franchise Income,43153000,General Fund,2014-2015,2015
Grants Receipts,10240000,General Fund,2014-2015,2015
Interest,13491000,General Fund,2014-2015,2015
Parking Fines,165191457,General Fund,2014-2015,2015
Parking Users' Tax,98400000,General Fund,2014-2015,2015
Power Revenue Transfer,261000000,General Fund,2014-2015,2015
Property Tax,1644811000,General Fund,2014-2015,2015
Property Tax - Ex-CRA Increment,48023000,General Fund,2014-2015,2015
Residential Development Tax,3280000,General Fund,2014-2015,2015
Sales Tax,374100000,General Fund,2014-2015,2015
Special Parking Revenue Transfer,30635342,General Fund,2014-2015,2015
State Motor Vehicle License Fees,1700000,General Fund,2014-2015,2015
Tobacco Settlement,9106000,General Fund,2014-2015,2015
Transfer from Reserve Fund,117546306,General Fund,2014-2015,2015
Transfer from Telecommunications Dev. Account,5077022,General Fund,2014-2015,2015
Transient Occupancy Tax,194100000,General Fund,2014-2015,2015
Allocations from Other Sources,36758967,Special Fund,2014-2015,2015
Arts Development Fee Trust Fund,1222680,Special Fund,2014-2015,2015
Arts Development Fee Trust Fund,1145461,Special Fund,2014-2015,2015
Arts and Cultural Facilities and Services Fund,84413,Special Fund,2014-2015,2015
Arts and Cultural Facilities and Services Fund,15273725,Special Fund,2014-2015,2015
Building and Safety Enterprise Fund,135690771,Special Fund,2014-2015,2015
Building and Safety Enterprise Fund,70313119,Special Fund,2014-2015,2015
Central Recycling and Transfer Fund,3553421,Special Fund,2014-2015,2015
Central Recycling and Transfer Fund,3056134,Special Fund,2014-2015,2015
City Employees Ridesharing Fund,91000,Special Fund,2014-2015,2015
City Employees Ridesharing Fund,3527100,Special Fund,2014-2015,2015
City Employees' Retirement Fund,93718332,Special Fund,2014-2015,2015
City Ethics Commission Fund,2730673,Special Fund,2014-2015,2015
City Ethics Commission Fund,257237,Special Fund,2014-2015,2015
Citywide Recycling Fund,30293657,Special Fund,2014-2015,2015
Citywide Recycling Fund,21506000,Special Fund,2014-2015,2015
Code Enforcement Trust Fund,32745806,Special Fund,2014-2015,2015
Code Enforcement Trust Fund,38905000,Special Fund,2014-2015,2015
Community Development Trust Fund,22495657,Special Fund,2014-2015,2015
Community Services Administration Grant,1596503,Special Fund,2014-2015,2015
Convention Center Revenue Fund,8622230,Special Fund,2014-2015,2015
Disaster Assistance Trust Fund,56850000,Special Fund,2014-2015,2015
Disaster Assistance Trust Fund,5769754,Special Fund,2014-2015,2015
El Pueblo Revenue Fund,176247,Special Fund,2014-2015,2015
El Pueblo Revenue Fund,4754000,Special Fund,2014-2015,2015
Fines--State Vehicle Code,7260000,Special Fund,2014-2015,2015
Forfeited Assets Trust Fund,6517938,Special Fund,2014-2015,2015
HOME Investment Partnerships Program Fund,5018122,Special Fund,2014-2015,2015
Household Hazardous Waste Special Fund,3393000,Special Fund,2014-2015,2015
Household Hazardous Waste Special Fund,2733964,Special Fund,2014-2015,2015
Housing Department Affordable Housing Trust Fund,1000000,Special Fund,2014-2015,2015
Housing Department Affordable Housing Trust Fund,2096000,Special Fund,2014-2015,2015
Housing Opportunities for Persons with AIDS,782849,Special Fund,2014-2015,2015
L. A.  Convention and Visitors Bureau Fund,14931000,Special Fund,2014-2015,2015
L.A. Convention and Visitors Bureau Fund,1396971,Special Fund,2014-2015,2015
Landfill Maintenance Special Fund,4599748,Special Fund,2014-2015,2015
Landfill Maintenance Trust Fund,490355,Special Fund,2014-2015,2015
Local Public Safety Fund,40750000,Special Fund,2014-2015,2015
Local Public Safety Fund,1363950,Special Fund,2014-2015,2015
Local Transportation Fund,649720,Special Fund,2014-2015,2015
Local Transportation Fund,4361605,Special Fund,2014-2015,2015
Measure R Traffic Relief and Rail Expansion Fund,44974000,Special Fund,2014-2015,2015
Measure R Traffic Relief and Rail Expansion Fund,2766491,Special Fund,2014-2015,2015
Mobile Source Air Pollution Reduction Fund,553836,Special Fund,2014-2015,2015
Mobile Source Air Pollution Reduction Fund,4698000,Special Fund,2014-2015,2015
Multi-Family Bulky Item Fund,6450000,Special Fund,2014-2015,2015
Multi-Family Bulky Item Fund,7329367,Special Fund,2014-2015,2015
Municipal Housing Finance Fund,285000,Special Fund,2014-2015,2015
Municipal Housing Finance Fund,3274000,Special Fund,2014-2015,2015
Neighborhood Empowerment Fund,203091,Special Fund,2014-2015,2015
Neighborhood Empowerment Fund,5567617,Special Fund,2014-2015,2015
Older Americans Act Fund,2746480,Special Fund,2014-2015,2015
Park and Recreational Sites and Facilities Fund,2000000,Special Fund,2014-2015,2015
Planning Case Processing Revenue Fund,19920398,Special Fund,2014-2015,2015
Planning Case Processing Revenue Fund,9711055,Special Fund,2014-2015,2015
Prop. C Anti-Gridlock Transit Improvement Fund,71137883,Special Fund,2014-2015,2015
Prop. C Anti-Gridlock Transit Improvement Fund,4591119,Special Fund,2014-2015,2015
Property Tax - City Levy for Bond Redemption and Interest,148889669,Special Fund,2014-2015,2015
Proposition A Local Transit Assistance Fund,148861089,Special Fund,2014-2015,2015
Proposition A Local Transit Assistance Fund,116230634,Special Fund,2014-2015,2015
Rent Stabilization Trust Fund,8236104,Special Fund,2014-2015,2015
Rent Stabilization Trust Fund,14571450,Special Fund,2014-2015,2015
Sewer Construction and Maintenance Fund,757832209,Special Fund,2014-2015,2015
Sewer Construction and Maintenance Fund,61753344,Special Fund,2014-2015,2015
Solid Waste Resources Revenue Fund,118304987,Special Fund,2014-2015,2015
Solid Waste Resources Revenue Fund,326463021,Special Fund,2014-2015,2015
Special Gas Tax Fund,35088834,Special Fund,2014-2015,2015
Special Gas Tax Street Improvement Fund,115200000,Special Fund,2014-2015,2015
Special Parking Revenue Fund,5068039,Special Fund,2014-2015,2015
Special Parking Revenue Fund,43952113,Special Fund,2014-2015,2015
Special Police Comm./911 System Tax Fund,2187280,Special Fund,2014-2015,2015
Special Police Comm./911 System Tax Fund,10000,Special Fund,2014-2015,2015
Staples Arena Special Fund,8114047,Special Fund,2014-2015,2015
Staples Arena Special Fund,6030000,Special Fund,2014-2015,2015
Stormwater Pollution Abatement Fund,30915831,Special Fund,2014-2015,2015
Street Damage Restoration Fee Fund,8014000,Special Fund,2014-2015,2015
Street Damage Restoration Fee Fund,2826207,Special Fund,2014-2015,2015
Street Lighting Maintenance Asmt. Fund,6918799,Special Fund,2014-2015,2015
Street Lighting Maintenance Assessment Fund,54102520,Special Fund,2014-2015,2015
Supplemental Law Enforcement Services,5051500,Special Fund,2014-2015,2015
Supplemental Law Enforcement Services Fund,1258932,Special Fund,2014-2015,2015
Telecommunications Development Account,23758767,Special Fund,2014-2015,2015
Telecommunications Development Account,21895235,Special Fund,2014-2015,2015
Traffic Safety Fund,985,Special Fund,2014-2015,2015
Workforce Investment Act,16822900,Special Fund,2014-2015,2015
Zoo Enterprise Fund,19324665,Special Fund,2014-2015,2015
Zoo Enterprise Trust Fund,2278259,Special Fund,2014-2015,2015
Business Tax,470728000,General Fund,2013-2014,2014
Documentary Transfer Tax,160106000,General Fund,2013-2014,2014
Franchise Income,42618000,General Fund,2013-2014,2014
Grants Receipts,6192664,General Fund,2013-2014,2014
Interest,14621000,General Fund,2013-2014,2014
Parking Fines,156557000,General Fund,2013-2014,2014
Parking Users' Tax,94947000,General Fund,2013-2014,2014
Power Revenue Transfer,253000000,General Fund,2013-2014,2014
Property Tax,1549568000,General Fund,2013-2014,2014
Property Tax - Ex-CRA Increment,55434000,General Fund,2013-2014,2014
Residential Development Tax,2100000,General Fund,2013-2014,2014
Sales Tax,352790000,General Fund,2013-2014,2014
Special Parking Revenue Transfer,35142475,General Fund,2013-2014,2014
State Motor Vehicle License Fees,2100000,General Fund,2013-2014,2014
Tobacco Settlement,9006000,General Fund,2013-2014,2014
Transfer from Budget Stabilization Fund,8029121,General Fund,2013-2014,2014
Transfer from Telecommunications Dev. Account,5220000,General Fund,2013-2014,2014
Transient Occupancy Tax,174423000,General Fund,2013-2014,2014
Allocations from Other Sources,71599623,Special Fund,2013-2014,2014
Arts Development Fee Trust Fund,694032,Special Fund,2013-2014,2014
Arts Development Fee Trust Fund,1142966,Special Fund,2013-2014,2014
Arts and Cultural Facilities and Services Fund,13623741,Special Fund,2013-2014,2014
Arts and Cultural Facilities and Services Fund,73579,Special Fund,2013-2014,2014
Building and Safety Enterprise Fund,42459803,Special Fund,2013-2014,2014
Building and Safety Enterprise Fund,115954709,Special Fund,2013-2014,2014
Central Recycling and Transfer Fund,2155189,Special Fund,2013-2014,2014
Central Recycling and Transfer Fund,3232110,Special Fund,2013-2014,2014
City Employees Ridesharing Fund,15221,Special Fund,2013-2014,2014
City Employees Ridesharing Fund,3480752,Special Fund,2013-2014,2014
City Employees' Retirement Fund,82972204,Special Fund,2013-2014,2014
City Ethics Commission Fund,2404882,Special Fund,2013-2014,2014
City Ethics Commission Fund,106415,Special Fund,2013-2014,2014
Citywide Recycling Fund,21606335,Special Fund,2013-2014,2014
Citywide Recycling Fund,28993357,Special Fund,2013-2014,2014
Code Enforcement Trust Fund,30346377,Special Fund,2013-2014,2014
Code Enforcement Trust Fund,41550000,Special Fund,2013-2014,2014
Community Development Trust Fund,26878437,Special Fund,2013-2014,2014
Community Services Administration Grant,1519474,Special Fund,2013-2014,2014
Convention Center Revenue Fund,25600000,Special Fund,2013-2014,2014
Convention Center Revenue Fund,514159,Special Fund,2013-2014,2014
Disaster Assistance Trust Fund,11929526,Special Fund,2013-2014,2014
Disaster Assistance Trust Fund,14088951,Special Fund,2013-2014,2014
El Pueblo Revenue Fund,4623667,Special Fund,2013-2014,2014
Fines--State Vehicle Code,8263551,Special Fund,2013-2014,2014
Forfeited Assets Trust Fund,4318895,Special Fund,2013-2014,2014
HOME Investment Partnerships Program Fund,4372455,Special Fund,2013-2014,2014
Household Hazardous Waste Special Fund,1911210,Special Fund,2013-2014,2014
Household Hazardous Waste Special Fund,3395000,Special Fund,2013-2014,2014
Housing Department Affordable Housing Trust Fund,1183600,Special Fund,2013-2014,2014
Housing Department Affordable Housing Trust Fund,150000,Special Fund,2013-2014,2014
Housing Opportunities for Persons with AIDS,459158,Special Fund,2013-2014,2014
L. A.  Convention and Visitors Bureau Fund,13417000,Special Fund,2013-2014,2014
L.A. Convention and Visitors Bureau Fund,1513373,Special Fund,2013-2014,2014
Landfill Maintenance Special Fund,4837000,Special Fund,2013-2014,2014
Landfill Maintenance Trust Fund,536532,Special Fund,2013-2014,2014
Local Public Safety Fund,1588490,Special Fund,2013-2014,2014
Local Public Safety Fund,38121000,Special Fund,2013-2014,2014
Local Transportation Fund,2430606,Special Fund,2013-2014,2014
Local Transportation Fund,2067333,Special Fund,2013-2014,2014
Measure R Traffic Relief and Rail Expansion Fund,21240694,Special Fund,2013-2014,2014
Measure R Traffic Relief and Rail Expansion Fund,45236142,Special Fund,2013-2014,2014
Mobile Source Air Pollution Reduction Fund,4783557,Special Fund,2013-2014,2014
Mobile Source Air Pollution Reduction Fund,918146,Special Fund,2013-2014,2014
Multi-Family Bulky Item Fund,6367000,Special Fund,2013-2014,2014
Multi-Family Bulky Item Fund,4535130,Special Fund,2013-2014,2014
Municipal Housing Finance Fund,4437592,Special Fund,2013-2014,2014
Municipal Housing Finance Fund,860750,Special Fund,2013-2014,2014
Neighborhood Empowerment Fund,6308364,Special Fund,2013-2014,2014
Older Americans Act Fund,2614461,Special Fund,2013-2014,2014
Park and Recreational Sites and Facilities Fund,1200000,Special Fund,2013-2014,2014
Planning Case Processing Revenue Fund,16304500,Special Fund,2013-2014,2014
Planning Case Processing Revenue Fund,7646949,Special Fund,2013-2014,2014
Prop. C Anti-Gridlock Transit Improvement Fund,102290809,Special Fund,2013-2014,2014
Prop. C Anti-Gridlock Transit Improvement Fund,10629539,Special Fund,2013-2014,2014
Property Tax - City Levy for Bond Redemption and Interest,160695451,Special Fund,2013-2014,2014
Proposition A Local Transit Assistance Fund,64305547,Special Fund,2013-2014,2014
Proposition A Local Transit Assistance Fund,114694025,Special Fund,2013-2014,2014
Rent Stabilization Trust Fund,9599114,Special Fund,2013-2014,2014
Rent Stabilization Trust Fund,14340737,Special Fund,2013-2014,2014
Sewer Construction and Maintenance Fund,83554609,Special Fund,2013-2014,2014
Sewer Construction and Maintenance Fund,703467529,Special Fund,2013-2014,2014
Solid Waste Resources Revenue Fund,298763127,Special Fund,2013-2014,2014
Solid Waste Resources Revenue Fund,117163442,Special Fund,2013-2014,2014
Special Gas Tax Fund,12995798,Special Fund,2013-2014,2014
Special Gas Tax Street Improvement Fund,105555000,Special Fund,2013-2014,2014
Special Parking Revenue Fund,17175191,Special Fund,2013-2014,2014
Special Parking Revenue Fund,55892982,Special Fund,2013-2014,2014
Staples Arena Special Fund,3419334,Special Fund,2013-2014,2014
Staples Arena Special Fund,4049000,Special Fund,2013-2014,2014
Stormwater Pollution Abatement Fund,3138250,Special Fund,2013-2014,2014
Stormwater Pollution Abatement Fund,32778392,Special Fund,2013-2014,2014
Street Damage Restoration Fee Fund,5542460,Special Fund,2013-2014,2014
Street Damage Restoration Fee Fund,263004,Special Fund,2013-2014,2014
Street Lighting Maintenance Asmt. Fund,13172247,Special Fund,2013-2014,2014
Street Lighting Maintenance Assessment Fund,49116144,Special Fund,2013-2014,2014
Supplemental Law Enforcement Services,3538698,Special Fund,2013-2014,2014
Supplemental Law Enforcement Services Fund,4061302,Special Fund,2013-2014,2014
Telecommunications Development Account,14068478,Special Fund,2013-2014,2014
Telecommunications Development Account,19832472,Special Fund,2013-2014,2014
Workforce Investment Act,17638307,Special Fund,2013-2014,2014
Zoo Enterprise Fund,17827862,Special Fund,2013-2014,2014
Zoo Enterprise Trust Fund,464139,Special Fund,2013-2014,2014
Business Tax,450026000,General Fund,2012-2013,2013
Documentary Transfer Tax,107520000,General Fund,2012-2013,2013
Franchise Income,47402000,General Fund,2012-2013,2013
Grants Receipts,8500000,General Fund,2012-2013,2013
Interest,10510000,General Fund,2012-2013,2013
Parking Fines,153437755,General Fund,2012-2013,2013
Parking Users' Tax,91728000,General Fund,2012-2013,2013
Power Revenue Transfer,249100000,General Fund,2012-2013,2013
Property Tax - Ex-CRA Increment,48600000,General Fund,2012-2013,2013
Residential Development Tax,2100000,General Fund,2012-2013,2013
Sales Tax,332939000,General Fund,2012-2013,2013
Special Parking Revenue Transfer,32577000,General Fund,2012-2013,2013
Tobacco Settlement,8700000,General Fund,2012-2013,2013
Transient Occupancy Tax,157808000,General Fund,2012-2013,2013
Allocations from Other Sources,64570260,Special Fund,2012-2013,2013
Arts Development Fee Trust Fund,990000,Special Fund,2012-2013,2013
Arts Development Fee Trust Fund,224955,Special Fund,2012-2013,2013
Arts and Cultural Facilities and Services Fund,12267264,Special Fund,2012-2013,2013
Arts and Cultural Facilities and Services Fund,1303,Special Fund,2012-2013,2013
Building and Safety Enterprise Fund,108816521,Special Fund,2012-2013,2013
Building and Safety Enterprise Fund,24253094,Special Fund,2012-2013,2013
Central Recycling and Transfer Fund,1184936,Special Fund,2012-2013,2013
Central Recycling and Transfer Fund,2931476,Special Fund,2012-2013,2013
City Employees Ridesharing Fund,3347339,Special Fund,2012-2013,2013
City Employees' Retirement Fund,77618048,Special Fund,2012-2013,2013
City Ethics Commission Fund,1848864,Special Fund,2012-2013,2013
City Ethics Commission Fund,593520,Special Fund,2012-2013,2013
Citywide Recycling Fund,21772595,Special Fund,2012-2013,2013
Citywide Recycling Fund,30543759,Special Fund,2012-2013,2013
Code Enforcement Trust Fund,22428994,Special Fund,2012-2013,2013
Code Enforcement Trust Fund,41550000,Special Fund,2012-2013,2013
Community Development Trust Fund,27363366,Special Fund,2012-2013,2013
Community Services Administration Grant,2259224,Special Fund,2012-2013,2013
Convention Center Revenue Fund,1141900,Special Fund,2012-2013,2013
Convention Center Revenue Fund,27201620,Special Fund,2012-2013,2013
Disaster Assistance Trust Fund,21475000,Special Fund,2012-2013,2013
Disaster Assistance Trust Fund,7024447,Special Fund,2012-2013,2013
El Pueblo Revenue Fund,4831960,Special Fund,2012-2013,2013
El Pueblo Revenue Fund,1238,Special Fund,2012-2013,2013
Fines--State Vehicle Code,11000000,Special Fund,2012-2013,2013
Forfeited Assets Trust Fund,10597113,Special Fund,2012-2013,2013
HOME Investment Partnerships Program Fund,6028322,Special Fund,2012-2013,2013
Household Hazardous Waste Special Fund,2951716,Special Fund,2012-2013,2013
Household Hazardous Waste Special Fund,3226800,Special Fund,2012-2013,2013
Housing Department Affordable Housing Trust Fund,848000,Special Fund,2012-2013,2013
Housing Department Affordable Housing Trust Fund,495799,Special Fund,2012-2013,2013
Housing Opportunities for Persons with AIDS,459158,Special Fund,2012-2013,2013
L. A.  Convention and Visitors Bureau Fund,12139000,Special Fund,2012-2013,2013
L.A. Convention and Visitors Bureau Fund,2993359,Special Fund,2012-2013,2013
Landfill Maintenance Special Fund,5240480,Special Fund,2012-2013,2013
Landfill Maintenance Trust Fund,2300038,Special Fund,2012-2013,2013
Local Public Safety Fund,1660463,Special Fund,2012-2013,2013
Local Public Safety Fund,35500000,Special Fund,2012-2013,2013
Local Transportation Fund,2723776,Special Fund,2012-2013,2013
Local Transportation Fund,3910160,Special Fund,2012-2013,2013
Measure R Traffic Relief and Rail Expansion Fund,1836473,Special Fund,2012-2013,2013
Measure R Traffic Relief and Rail Expansion Fund,66189842,Special Fund,2012-2013,2013
Mobile Source Air Pollution Reduction Fund,4713740,Special Fund,2012-2013,2013
Mobile Source Air Pollution Reduction Fund,760299,Special Fund,2012-2013,2013
Multi-Family Bulky Item Fund,652082,Special Fund,2012-2013,2013
Multi-Family Bulky Item Fund,6521339,Special Fund,2012-2013,2013
Municipal Housing Finance Fund,1362306,Special Fund,2012-2013,2013
Municipal Housing Finance Fund,1276500,Special Fund,2012-2013,2013
Neighborhood Empowerment Fund,758,Special Fund,2012-2013,2013
Neighborhood Empowerment Fund,5950166,Special Fund,2012-2013,2013
Older Americans Act Fund,2623207,Special Fund,2012-2013,2013
Park and Recreational Sites and Facilities Fund,1200000,Special Fund,2012-2013,2013
Planning Case Processing Revenue Fund,4529479,Special Fund,2012-2013,2013
Planning Case Processing Revenue Fund,15400000,Special Fund,2012-2013,2013
Prop. C Anti-Gridlock Transit Improvement Fund,92318089,Special Fund,2012-2013,2013
Prop. C Anti-Gridlock Transit Improvement Fund,13368497,Special Fund,2012-2013,2013
Property Tax - City Levy for Bond Redemption and Interest,164475921,Special Fund,2012-2013,2013
Proposition A Local Transit Assistance Fund,121437378,Special Fund,2012-2013,2013
Proposition A Local Transit Assistance Fund,71546655,Special Fund,2012-2013,2013
Rent Stabilization Trust Fund,14400000,Special Fund,2012-2013,2013
Rent Stabilization Trust Fund,7016933,Special Fund,2012-2013,2013
Sewer Construction and Maintenance Fund,692749362,Special Fund,2012-2013,2013
Sewer Construction and Maintenance Fund,63658032,Special Fund,2012-2013,2013
Solid Waste Resources Revenue Fund,80545163,Special Fund,2012-2013,2013
Solid Waste Resources Revenue Fund,293788665,Special Fund,2012-2013,2013
Special Gas Tax Fund,1252650,Special Fund,2012-2013,2013
Special Gas Tax Street Improvement Fund,111785000,Special Fund,2012-2013,2013
Special Parking Revenue Fund,35077627,Special Fund,2012-2013,2013
Special Parking Revenue Fund,15055074,Special Fund,2012-2013,2013
Special Police Comm./911 System Tax Fund,2727272,Special Fund,2012-2013,2013
Special Police Comm./911 System Tax Fund,992890,Special Fund,2012-2013,2013
Staples Arena Special Fund,977997,Special Fund,2012-2013,2013
Staples Arena Special Fund,4035000,Special Fund,2012-2013,2013
Stormwater Pollution Abatement Fund,30242663,Special Fund,2012-2013,2013
Stormwater Pollution Abatement Fund,2241551,Special Fund,2012-2013,2013
Street Damage Restoration Fee Fund,1285371,Special Fund,2012-2013,2013
Street Damage Restoration Fee Fund,5336000,Special Fund,2012-2013,2013
Street Lighting Maintenance Asmt. Fund,7444747,Special Fund,2012-2013,2013
Street Lighting Maintenance Assessment Fund,61614138,Special Fund,2012-2013,2013
Supplemental Law Enforcement Services,1500000,Special Fund,2012-2013,2013
Telecommunications Development Account,22232289,Special Fund,2012-2013,2013
Telecommunications Development Account,18339000,Special Fund,2012-2013,2013
Traffic Safety Fund,25,Special Fund,2012-2013,2013
Workforce Investment Act,19286955,Special Fund,2012-2013,2013
Zoo Enterprise Fund,15845101,Special Fund,2012-2013,2013
Zoo Enterprise Trust Fund,1716430,Special Fund,2012-2013,2013
Business Tax,439219000,General Fund,2011-2012,2012
Documentary Transfer Tax,107000000,General Fund,2011-2012,2012
Franchise Income,48100000,General Fund,2011-2012,2012
Grants Receipts,9820000,General Fund,2011-2012,2012
Interest,14280000,General Fund,2011-2012,2012
Parking Fines,136879000,General Fund,2011-2012,2012
Parking Users' Tax,88200000,General Fund,2011-2012,2012
Power Revenue Transfer,254000000,General Fund,2011-2012,2012
Property Tax,1436363000,General Fund,2011-2012,2012
Residential Development Tax,1905000,General Fund,2011-2012,2012
Sales Tax,306239000,General Fund,2011-2012,2012
Special Parking Revenue Transfer,16509000,General Fund,2011-2012,2012
State Motor Vehicle License Fees,14700000,General Fund,2011-2012,2012
Tobacco Settlement,9500000,General Fund,2011-2012,2012
Transfer from Reserve Fund,8939164,General Fund,2011-2012,2012
Transfer from Telecommunications Dev. Account,4915000,General Fund,2011-2012,2012
Transient Occupancy Tax,136200000,General Fund,2011-2012,2012
Allocations from Other Sources,56043109,Special Fund,2011-2012,2012
Arts Development Fee Trust Fund,990000,Special Fund,2011-2012,2012
Arts Development Fee Trust Fund,724714,Special Fund,2011-2012,2012
Arts and Cultural Facilities and Services Fund,10592219,Special Fund,2011-2012,2012
Building and Safety Enterprise Fund,9312754,Special Fund,2011-2012,2012
Building and Safety Enterprise Fund,100517551,Special Fund,2011-2012,2012
Central Recycling and Transfer Fund,408161,Special Fund,2011-2012,2012
Central Recycling and Transfer Fund,6511696,Special Fund,2011-2012,2012
City Employees Ridesharing Fund,409192,Special Fund,2011-2012,2012
City Employees Ridesharing Fund,3329609,Special Fund,2011-2012,2012
City Employees' Retirement Fund,87529621,Special Fund,2011-2012,2012
City Ethics Commission Fund,1866479,Special Fund,2011-2012,2012
City Ethics Commission Fund,330294,Special Fund,2011-2012,2012
Citywide Recycling Fund,38348693,Special Fund,2011-2012,2012
Citywide Recycling Fund,23749166,Special Fund,2011-2012,2012
Code Enforcement Trust Fund,32340675,Special Fund,2011-2012,2012
Code Enforcement Trust Fund,10487637,Special Fund,2011-2012,2012
Community Development Trust Fund,34222682,Special Fund,2011-2012,2012
Community Services Administration Grant,1976485,Special Fund,2011-2012,2012
Convention Center Revenue Fund,9928,Special Fund,2011-2012,2012
Convention Center Revenue Fund,27794692,Special Fund,2011-2012,2012
Disaster Assistance Trust Fund,7014266,Special Fund,2011-2012,2012
Disaster Assistance Trust Fund,7509405,Special Fund,2011-2012,2012
Efficiency and Police Hires Fund,2434126,Special Fund,2011-2012,2012
El Pueblo Revenue Fund,4507398,Special Fund,2011-2012,2012
El Pueblo Revenue Fund,145171,Special Fund,2011-2012,2012
Fines--State Vehicle Code,13120939,Special Fund,2011-2012,2012
Forfeited Assets Trust Fund,5328984,Special Fund,2011-2012,2012
HOME Investment Partnerships Program Fund,6091386,Special Fund,2011-2012,2012
Household Hazardous Waste Special Fund,719436,Special Fund,2011-2012,2012
Household Hazardous Waste Special Fund,2012662,Special Fund,2011-2012,2012
Housing Department Affordable Housing Trust Fund,1100000,Special Fund,2011-2012,2012
Housing Department Affordable Housing Trust Fund,1718902,Special Fund,2011-2012,2012
Housing Opportunities for Persons with AIDS,323268,Special Fund,2011-2012,2012
L. A.  Convention and Visitors Bureau Fund,10477000,Special Fund,2011-2012,2012
L.A. Convention and Visitors Bureau Fund,1220031,Special Fund,2011-2012,2012
Landfill Maintenance Special Fund,4632252,Special Fund,2011-2012,2012
Landfill Maintenance Trust Fund,1591503,Special Fund,2011-2012,2012
Local Public Safety Fund,32850000,Special Fund,2011-2012,2012
Local Public Safety Fund,2314000,Special Fund,2011-2012,2012
Local Transportation Fund,4315419,Special Fund,2011-2012,2012
Local Transportation Fund,2848790,Special Fund,2011-2012,2012
Measure R Traffic Relief and Rail Expansion Fund,37820000,Special Fund,2011-2012,2012
Measure R Traffic Relief and Rail Expansion Fund,13655007,Special Fund,2011-2012,2012
Mobile Source Air Pollution Reduction Fund,2879181,Special Fund,2011-2012,2012
Mobile Source Air Pollution Reduction Fund,4715000,Special Fund,2011-2012,2012
Multi-Family Bulky Item Fund,3482706,Special Fund,2011-2012,2012
Municipal Housing Finance Fund,2024771,Special Fund,2011-2012,2012
Neighborhood Empowerment Fund,4459079,Special Fund,2011-2012,2012
Neighborhood Empowerment Fund,1279585,Special Fund,2011-2012,2012
Older Americans Act Fund,2326382,Special Fund,2011-2012,2012
Park and Recreational Sites and Facilities Fund,1200000,Special Fund,2011-2012,2012
Planning Case Processing Revenue Fund,2661000,Special Fund,2011-2012,2012
Planning Case Processing Revenue Fund,14062000,Special Fund,2011-2012,2012
Prop. C Anti-Gridlock Transit Improvement Fund,70788194,Special Fund,2011-2012,2012
Prop. C Anti-Gridlock Transit Improvement Fund,3062713,Special Fund,2011-2012,2012
Property Tax - City Levy for Bond Redemption and Interest,167395099,Special Fund,2011-2012,2012
Proposition A Local Transit Assistance Fund,123829123,Special Fund,2011-2012,2012
Proposition A Local Transit Assistance Fund,24048805,Special Fund,2011-2012,2012
Rent Stabilization Trust Fund,11054510,Special Fund,2011-2012,2012
Rent Stabilization Trust Fund,5016961,Special Fund,2011-2012,2012
Sewer Construction and Maintenance Fund,56372068,Special Fund,2011-2012,2012
Sewer Construction and Maintenance Fund,660315865,Special Fund,2011-2012,2012
Solid Waste Resources Revenue Fund,289462233,Special Fund,2011-2012,2012
Solid Waste Resources Revenue Fund,67686935,Special Fund,2011-2012,2012
Special Gas Tax Fund,5584941,Special Fund,2011-2012,2012
Special Gas Tax Street Improvement Fund,113551000,Special Fund,2011-2012,2012
Special Parking Revenue Fund,43850295,Special Fund,2011-2012,2012
Special Parking Revenue Fund,6175629,Special Fund,2011-2012,2012
Special Police Comm./911 System Tax Fund,825166,Special Fund,2011-2012,2012
Special Police Comm./911 System Tax Fund,21609356,Special Fund,2011-2012,2012
Staples Arena Special Fund,4090000,Special Fund,2011-2012,2012
Staples Arena Special Fund,1856830,Special Fund,2011-2012,2012
Stormwater Pollution Abatement Fund,30429000,Special Fund,2011-2012,2012
Stormwater Pollution Abatement Fund,1396758,Special Fund,2011-2012,2012
Street Damage Restoration Fee Fund,5047995,Special Fund,2011-2012,2012
Street Damage Restoration Fee Fund,7693000,Special Fund,2011-2012,2012
Street Lighting Maintenance Asmt. Fund,5121922,Special Fund,2011-2012,2012
Street Lighting Maintenance Assessment Fund,61044333,Special Fund,2011-2012,2012
Supplemental Law Enforcement Services,100000,Special Fund,2011-2012,2012
Telecommunications Development Account,386000,Special Fund,2011-2012,2012
Telecommunications Development Account,12673944,Special Fund,2011-2012,2012
Workforce Investment Act,16780876,Special Fund,2011-2012,2012
Zoo Enterprise Fund,18283477,Special Fund,2011-2012,2012
Business Tax,411960000,General Fund,2010-2011,2011
Documentary Transfer Tax,111000000,General Fund,2010-2011,2011
Franchise Income,12400000,General Fund,2010-2011,2011
Grants Receipts,9200000,General Fund,2010-2011,2011
Interest,45541000,General Fund,2010-2011,2011
Parking Fines,142446013,General Fund,2010-2011,2011
Parking Users' Tax,85983000,General Fund,2010-2011,2011
Power Revenue Transfer,257000000,General Fund,2010-2011,2011
Property Tax,1408529000,General Fund,2010-2011,2011
Residential Development Tax,1700000,General Fund,2010-2011,2011
Sales Tax,289412000,General Fund,2010-2011,2011
Special Parking Revenue Transfer,10000000,General Fund,2010-2011,2011
State Motor Vehicle License Fees,12000000,General Fund,2010-2011,2011
Tobacco Settlement,11300000,General Fund,2010-2011,2011
Transfer from Reserve Fund,3616627,General Fund,2010-2011,2011
Transfer from Telecommunications Dev. Account,7650000,General Fund,2010-2011,2011
Transient Occupancy Tax,122700000,General Fund,2010-2011,2011
Allocations from Other Sources,44304762,Special Fund,2010-2011,2011
Arts Development Fee Trust Fund,974771,Special Fund,2010-2011,2011
Arts Development Fee Trust Fund,1040000,Special Fund,2010-2011,2011
Arts and Cultural Facilities and Services Fund,9585000,Special Fund,2010-2011,2011
Arts and Cultural Facilities and Services Fund,681027,Special Fund,2010-2011,2011
Building and Safety Enterprise Fund,89917578,Special Fund,2010-2011,2011
Building and Safety Enterprise Fund,8529123,Special Fund,2010-2011,2011
Central Recycling and Transfer Fund,215220,Special Fund,2010-2011,2011
Central Recycling and Transfer Fund,2197833,Special Fund,2010-2011,2011
City Employees Ridesharing Fund,3394000,Special Fund,2010-2011,2011
City Employees Ridesharing Fund,80622,Special Fund,2010-2011,2011
City Employees' Retirement Fund,71310325,Special Fund,2010-2011,2011
City Ethics Commission Fund,215944,Special Fund,2010-2011,2011
City Ethics Commission Fund,2109024,Special Fund,2010-2011,2011
Citywide Recycling Fund,23802316,Special Fund,2010-2011,2011
Citywide Recycling Fund,42475857,Special Fund,2010-2011,2011
Code Enforcement Trust Fund,11733965,Special Fund,2010-2011,2011
Code Enforcement Trust Fund,29594866,Special Fund,2010-2011,2011
Community Development Trust Fund,36119913,Special Fund,2010-2011,2011
Community Services Administration Grant,1949584,Special Fund,2010-2011,2011
Convention Center Revenue Fund,24000000,Special Fund,2010-2011,2011
Disaster Assistance Trust Fund,7787952,Special Fund,2010-2011,2011
Disaster Assistance Trust Fund,17300000,Special Fund,2010-2011,2011
El Pueblo Revenue Fund,227064,Special Fund,2010-2011,2011
El Pueblo Revenue Fund,4646078,Special Fund,2010-2011,2011
Fines--State Vehicle Code,13200000,Special Fund,2010-2011,2011
Forfeited Assets Trust Fund,6785366,Special Fund,2010-2011,2011
HOME Investment Partnerships Program Fund,6094582,Special Fund,2010-2011,2011
Household Hazardous Waste Special Fund,386919,Special Fund,2010-2011,2011
Household Hazardous Waste Special Fund,2006810,Special Fund,2010-2011,2011
Housing Department Affordable Housing Trust Fund,1500169,Special Fund,2010-2011,2011
Housing Department Affordable Housing Trust Fund,1200000,Special Fund,2010-2011,2011
Housing Opportunities for Persons with AIDS,322923,Special Fund,2010-2011,2011
L. A.  Convention and Visitors Bureau Fund,9438461,Special Fund,2010-2011,2011
L.A. Convention and Visitors Bureau Fund,1401767,Special Fund,2010-2011,2011
Landfill Maintenance Special Fund,4425420,Special Fund,2010-2011,2011
Landfill Maintenance Trust Fund,1444297,Special Fund,2010-2011,2011
Local Public Safety Fund,29000000,Special Fund,2010-2011,2011
Local Transportation Fund,2810585,Special Fund,2010-2011,2011
Local Transportation Fund,4146558,Special Fund,2010-2011,2011
Major Projects Review Trust Fund,1761000,Special Fund,2010-2011,2011
Measure R Traffic Relief and Rail Expansion Fund,35384288,Special Fund,2010-2011,2011
Measure R Traffic Relief and Rail Expansion Fund,16572000,Special Fund,2010-2011,2011
Mobile Source Air Pollution Reduction Fund,1066238,Special Fund,2010-2011,2011
Mobile Source Air Pollution Reduction Fund,4724918,Special Fund,2010-2011,2011
Multi-Family Bulky Item Fund,2294607,Special Fund,2010-2011,2011
Multi-Family Bulky Item Fund,7252385,Special Fund,2010-2011,2011
Municipal Housing Finance Fund,1320600,Special Fund,2010-2011,2011
Municipal Housing Finance Fund,2524336,Special Fund,2010-2011,2011
Neighborhood Empowerment Fund,1597371,Special Fund,2010-2011,2011
Neighborhood Empowerment Fund,4241660,Special Fund,2010-2011,2011
Older Americans Act Fund,2268077,Special Fund,2010-2011,2011
Park and Recreational Sites and Facilities Fund,1000000,Special Fund,2010-2011,2011
Planning Case Processing Revenue Fund,16072000,Special Fund,2010-2011,2011
Planning Case Processing Revenue Fund,877000,Special Fund,2010-2011,2011
Prop. C Anti-Gridlock Transit Improvement Fund,67244000,Special Fund,2010-2011,2011
Prop. C Anti-Gridlock Transit Improvement Fund,1154414,Special Fund,2010-2011,2011
Property Tax - City Levy for Bond Redemption and Interest,174545768,Special Fund,2010-2011,2011
Proposition A Local Transit Assistance Fund,6452479,Special Fund,2010-2011,2011
Proposition A Local Transit Assistance Fund,122489795,Special Fund,2010-2011,2011
Rent Stabilization Trust Fund,10414600,Special Fund,2010-2011,2011
Rent Stabilization Trust Fund,6483117,Special Fund,2010-2011,2011
Sewer Construction and Maintenance Fund,647189962,Special Fund,2010-2011,2011
Sewer Construction and Maintenance Fund,74926263,Special Fund,2010-2011,2011
Solid Waste Resources Revenue Fund,281335565,Special Fund,2010-2011,2011
Solid Waste Resources Revenue Fund,31723580,Special Fund,2010-2011,2011
Special Gas Tax Fund,3988312,Special Fund,2010-2011,2011
Special Gas Tax Street Improvement Fund,103921000,Special Fund,2010-2011,2011
Special Parking Revenue Fund,3573347,Special Fund,2010-2011,2011
Special Parking Revenue Fund,41810000,Special Fund,2010-2011,2011
Special Police Comm./911 System Tax Fund,21239435,Special Fund,2010-2011,2011
Special Police Comm./911 System Tax Fund,1183483,Special Fund,2010-2011,2011
Staples Arena Special Fund,1699451,Special Fund,2010-2011,2011
Staples Arena Special Fund,3150000,Special Fund,2010-2011,2011
Stormwater Pollution Abatement Fund,30006000,Special Fund,2010-2011,2011
Stormwater Pollution Abatement Fund,1061522,Special Fund,2010-2011,2011
Street Damage Restoration Fee Fund,7373000,Special Fund,2010-2011,2011
Street Damage Restoration Fee Fund,3393217,Special Fund,2010-2011,2011
Street Lighting Maintenance Asmt. Fund,7010039,Special Fund,2010-2011,2011
Street Lighting Maintenance Assessment Fund,62280336,Special Fund,2010-2011,2011
Supplemental Law Enforcement Services,100000,Special Fund,2010-2011,2011
Telecommunications Development Account,8820642,Special Fund,2010-2011,2011
Telecommunications Development Account,534036,Special Fund,2010-2011,2011
Workforce Investment Act,14118017,Special Fund,2010-2011,2011
Zoo Enterprise Fund,17405046,Special Fund,2010-2011,2011
Zoo Enterprise Trust Fund,78016,Special Fund,2010-2011,2011
Business Tax,426157000,General Fund,2009-2010,2010
Documentary Transfer Tax,100000000,General Fund,2009-2010,2010
Franchise Income,49479000,General Fund,2009-2010,2010
Grants Receipts,16000000,General Fund,2009-2010,2010
Interest,22080000,General Fund,2009-2010,2010
Parking Fines,134000000,General Fund,2009-2010,2010
Parking Users' Tax,82300000,General Fund,2009-2010,2010
Power Revenue Transfer,232000000,General Fund,2009-2010,2010
Property Tax,1418870000,General Fund,2009-2010,2010
Residential Development Tax,1700000,General Fund,2009-2010,2010
Sales Tax,304243000,General Fund,2009-2010,2010
Special Parking Revenue Transfer,61371000,General Fund,2009-2010,2010
State Motor Vehicle License Fees,12000000,General Fund,2009-2010,2010
Tobacco Settlement,12166000,General Fund,2009-2010,2010
Transfer from Telecommunications Dev. Account,6223000,General Fund,2009-2010,2010
Transient Occupancy Tax,130200000,General Fund,2009-2010,2010
Allocations from Other Sources,8566013,Special Fund,2009-2010,2010
Arts Development Fee Trust Fund,1275000,Special Fund,2009-2010,2010
Arts and Cultural Facilities and Services Fund,183964,Special Fund,2009-2010,2010
Arts and Cultural Facilities and Services Fund,10183345,Special Fund,2009-2010,2010
Building and Safety Enterprise Fund,86186208,Special Fund,2009-2010,2010
Building and Safety Enterprise Fund,30203107,Special Fund,2009-2010,2010
Central Recycling and Transfer Fund,2479280,Special Fund,2009-2010,2010
Central Recycling and Transfer Fund,164180,Special Fund,2009-2010,2010
City Employees Ridesharing Fund,439261,Special Fund,2009-2010,2010
City Employees Ridesharing Fund,3010000,Special Fund,2009-2010,2010
City Employees' Retirement Fund,58804418,Special Fund,2009-2010,2010
City Ethics Commission Fund,2125825,Special Fund,2009-2010,2010
City Ethics Commission Fund,287837,Special Fund,2009-2010,2010
Citywide Recycling Fund,52312582,Special Fund,2009-2010,2010
Citywide Recycling Fund,24701996,Special Fund,2009-2010,2010
Code Enforcement Trust Fund,13517019,Special Fund,2009-2010,2010
Code Enforcement Trust Fund,33092200,Special Fund,2009-2010,2010
Community Development Trust Fund,35456611,Special Fund,2009-2010,2010
Community Services Administration Grant,1944136,Special Fund,2009-2010,2010
Convention Center Revenue Fund,24500000,Special Fund,2009-2010,2010
Disaster Assistance Trust Fund,8472862,Special Fund,2009-2010,2010
Disaster Assistance Trust Fund,41000000,Special Fund,2009-2010,2010
Efficiency and Police Hires Fund,270,Special Fund,2009-2010,2010
Efficiency and Police Hires Fund,7197,Special Fund,2009-2010,2010
El Pueblo Revenue Fund,4399611,Special Fund,2009-2010,2010
Fines--State Vehicle Code,15744000,Special Fund,2009-2010,2010
Forfeited Assets Trust Fund,6375263,Special Fund,2009-2010,2010
HOME Investment Partnerships Program Fund,5321540,Special Fund,2009-2010,2010
Household Hazardous Waste Special Fund,438650,Special Fund,2009-2010,2010
Household Hazardous Waste Special Fund,1968356,Special Fund,2009-2010,2010
Housing Department Affordable Housing Trust Fund,9500000,Special Fund,2009-2010,2010
Housing Department Affordable Housing Trust Fund,500000,Special Fund,2009-2010,2010
Housing Opportunities for Persons with AIDS,313110,Special Fund,2009-2010,2010
L. A.  Convention and Visitors Bureau Fund,10015000,Special Fund,2009-2010,2010
L.A. Convention and Visitors Bureau Fund,2310265,Special Fund,2009-2010,2010
Landfill Maintenance Special Fund,4094890,Special Fund,2009-2010,2010
Landfill Maintenance Trust Fund,1545431,Special Fund,2009-2010,2010
Local Public Safety Fund,33000000,Special Fund,2009-2010,2010
Local Transportation Fund,7759000,Special Fund,2009-2010,2010
Local Transportation Fund,100000,Special Fund,2009-2010,2010
Major Projects Review Trust Fund,2855798,Special Fund,2009-2010,2010
Major Projects Review Trust Fund,580500,Special Fund,2009-2010,2010
Measure R Traffic Relief and Rail Expansion Fund,22790270,Special Fund,2009-2010,2010
Mobile Source Air Pollution Reduction Fund,2141368,Special Fund,2009-2010,2010
Mobile Source Air Pollution Reduction Fund,4602076,Special Fund,2009-2010,2010
Multi-Family Bulky Item Fund,1245011,Special Fund,2009-2010,2010
Multi-Family Bulky Item Fund,7428855,Special Fund,2009-2010,2010
Municipal Housing Finance Fund,1320000,Special Fund,2009-2010,2010
Municipal Housing Finance Fund,1226756,Special Fund,2009-2010,2010
Neighborhood Empowerment Fund,7465540,Special Fund,2009-2010,2010
Older Americans Act Fund,2247091,Special Fund,2009-2010,2010
Park and Recreational Sites and Facilities Fund,800000,Special Fund,2009-2010,2010
Prop. C Anti-Gridlock Transit Improvement Fund,393182,Special Fund,2009-2010,2010
Prop. C Anti-Gridlock Transit Improvement Fund,68722600,Special Fund,2009-2010,2010
Property Tax - City Levy for Bond Redemption and Interest,163385457,Special Fund,2009-2010,2010
Proposition A Local Transit Assistance Fund,50586313,Special Fund,2009-2010,2010
Proposition A Local Transit Assistance Fund,133285763,Special Fund,2009-2010,2010
Rent Stabilization Trust Fund,6549787,Special Fund,2009-2010,2010
Rent Stabilization Trust Fund,11317030,Special Fund,2009-2010,2010
Sewer Construction and Maintenance Fund,159354337,Special Fund,2009-2010,2010
Sewer Construction and Maintenance Fund,663210876,Special Fund,2009-2010,2010
Solid Waste Resources Revenue Fund,295115029,Special Fund,2009-2010,2010
Solid Waste Resources Revenue Fund,18296346,Special Fund,2009-2010,2010
Special Gas Tax Fund,4629437,Special Fund,2009-2010,2010
Special Gas Tax Street Improvement Fund,102721000,Special Fund,2009-2010,2010
Special Parking Revenue Fund,22874000,Special Fund,2009-2010,2010
Special Parking Revenue Fund,15970673,Special Fund,2009-2010,2010
Special Police Comm./911 System Tax Fund,3828184,Special Fund,2009-2010,2010
Special Police Comm./911 System Tax Fund,19882223,Special Fund,2009-2010,2010
Staples Arena Special Fund,4150000,Special Fund,2009-2010,2010
Staples Arena Special Fund,3631014,Special Fund,2009-2010,2010
Stormwater Pollution Abatement Fund,246486,Special Fund,2009-2010,2010
Stormwater Pollution Abatement Fund,29474964,Special Fund,2009-2010,2010
Street Damage Restoration Fee Fund,5397000,Special Fund,2009-2010,2010
Street Damage Restoration Fee Fund,1711156,Special Fund,2009-2010,2010
Street Lighting Maintenance Asmt. Fund,7608396,Special Fund,2009-2010,2010
Street Lighting Maintenance Assessment Fund,52893650,Special Fund,2009-2010,2010
Supplemental Law Enforcement Services,4098000,Special Fund,2009-2010,2010
Telecommunications Development Account,8930680,Special Fund,2009-2010,2010
Telecommunications Development Account,754088,Special Fund,2009-2010,2010
Workforce Investment Act,10719011,Special Fund,2009-2010,2010
Zoo Enterprise Fund,17861512,Special Fund,2009-2010,2010
Zoo Enterprise Trust Fund,400000,Special Fund,2009-2010,2010
Street Damage Restoration Fee Fund,70500728,Special Fund,2019-2020,2020
Stormwater Program Funds,77830177,Special Fund,2019-2020,2020
City Employees' Retirement Fund,117461561,Special Fund,2019-2020,2020
Community Development Trust Fund,21529909,Special Fund,2019-2020,2020
Prop. C Anti-Gridlock Transit Improvement Fund,96234104,Special Fund,2019-2020,2020
Housing Department Affordable Housing Trust Fund,13455147,Special Fund,2019-2020,2020
Neighborhood Empowerment Fund,3557147,Special Fund,2019-2020,2020
Municipal Housing Finance Fund,8005052,Special Fund,2019-2020,2020
Citywide Recycling Fund,60267598,Special Fund,2019-2020,2020
L.A. Convention and Visitors Bureau Fund,29008895,Special Fund,2019-2020,2020
Power Revenue Transfer,235600000,General Fund,2019-2020,2020
Older Americans Act Fund,2892529,Special Fund,2019-2020,2020
Multi-Family Bulky Item Fund,15091083,Special Fund,2019-2020,2020
Telecommunications Development Account,19704181,Special Fund,2019-2020,2020
Proposition A Local Transit Assistance Fund,328721016,Special Fund,2019-2020,2020
Licenses Permits Fees and Fines,1186881980,General Fund,2019-2020,2020
El Pueblo Revenue Fund,5414239,Special Fund,2019-2020,2020
Cannabis Regulation Special Revenue Trust Fund,18787582,Special Fund,2019-2020,2020
Zoo Enterprise Fund,30290876,Special Fund,2019-2020,2020
Measure M Local Return Fund,84313605,Special Fund,2019-2020,2020
Grants Receipts,15729000,General Fund,2019-2020,2020
Local Public Safety Fund,48889996,Special Fund,2019-2020,2020
Household Hazardous Waste Special Fund,9011422,Special Fund,2019-2020,2020
Forfeited Assets Trust Fund,4858320,Special Fund,2019-2020,2020
Utility Users Tax,654790000,General Fund,2019-2020,2020
Property Tax,2113630000,General Fund,2019-2020,2020
Transient Occupancy Tax,326620000,General Fund,2019-2020,2020
Sidewalk Repair Fund,16106516,Special Fund,2019-2020,2020
Code Compliance Fund,2338342,Special Fund,2019-2020,2020
Arts and Cultural Facilities and Services Fund,28051846,Special Fund,2019-2020,2020
Documentary Transfer Tax,211960000,General Fund,2019-2020,2020
Building and Safety Enterprise Fund,501862561,Special Fund,2019-2020,2020
Housing Opportunities for Persons with AIDS,553940,Special Fund,2019-2020,2020
Interest,36700000,General Fund,2019-2020,2020
Allocations from Other Sources,69771403,Special Fund,2019-2020,2020
Fines--State Vehicle Code,4100000,Special Fund,2019-2020,2020
Parking Occupancy Tax,121900000,General Fund,2019-2020,2020
Property Tax - Ex-CRA Increment,101114000,General Fund,2019-2020,2020
Workforce Innovation Opportunity Act Fund,17252375,Special Fund,2019-2020,2020
Local Transportation Fund,4057910,Special Fund,2019-2020,2020
Property Tax - City Levy for Bond Redemption and Interest,138339047,Special Fund,2019-2020,2020
Special Parking Revenue Fund,58120769,Special Fund,2019-2020,2020
Accessible Housing Fund,16134422,Special Fund,2019-2020,2020
Community Services Administration Grant,1591140,Special Fund,2019-2020,2020
Solid Waste Resources Revenue Fund,444725334,Special Fund,2019-2020,2020
Disaster Assistance Trust Fund,24631058,Special Fund,2019-2020,2020
Special Gas Tax Street Improvement Fund,172374670,Special Fund,2019-2020,2020
HOME Investment Partnerships Program Fund,7169399,Special Fund,2019-2020,2020
Residential Development Tax,5020000,General Fund,2019-2020,2020
Parking Fines,123785000,General Fund,2019-2020,2020
State Motor Vehicle License Fees,1946000,General Fund,2019-2020,2020
Code Enforcement Trust Fund,65563732,Special Fund,2019-2020,2020
Planning Case Processing Revenue Fund,34995854,Special Fund,2019-2020,2020
Central Recycling and Transfer Fund,21197386,Special Fund,2019-2020,2020
Street Lighting Maintenance Assessment Fund,75094895,Special Fund,2019-2020,2020
Sewer Construction and Maintenance Fund,1177611644,Special Fund,2019-2020,2020
Measure R Traffic Relief and Rail Expansion Fund,58858903,Special Fund,2019-2020,2020
Rent Stabilization Trust Fund,27672283,Special Fund,2019-2020,2020
City Ethics Commission Fund,3735975,Special Fund,2019-2020,2020
Tobacco Settlement,10952000,General Fund,2019-2020,2020
Supplemental Law Enforcement Services,13778229,Special Fund,2019-2020,2020
Staples Arena Special Fund,10677908,Special Fund,2019-2020,2020
Park and Recreational Sites and Facilities Fund,3500000,Special Fund,2019-2020,2020
Convention Center Revenue Fund,34183381,Special Fund,2019-2020,2020
Franchise Income,80240000,General Fund,2019-2020,2020
City Employees Ridesharing Fund,5913159,Special Fund,2019-2020,2020
Business Tax,654900000,General Fund,2019-2020,2020
Mobile Source Air Pollution Reduction Fund,6966628,Special Fund,2019-2020,2020
Arts Development Fee Trust Fund,5107265,Special Fund,2019-2020,2020
Sales Tax,591440000,General Fund,2019-2020,2020
Special Parking Revenue Transfer,56893180,General Fund,2019-2020,2020
Property Tax,1457022000,General Fund,2012-2013,2013
Utility Users Tax,667875000,General Fund,2009-2010,2010
Utility Users Tax,654600000,General Fund,2010-2011,2011
Utility Users Tax,634000000,General Fund,2016-2017,2017
Utility Users Tax,627832000,General Fund,2011-2012,2012
Utility Users Tax,622605000,General Fund,2012-2013,2013
Utility Users Tax,630300000,General Fund,2015-2016,2016
Utility Users Tax,641598000,General Fund,2013-2014,2014
Utility Users Tax,631850000,General Fund,2014-2015,2015
Licenses Permits Fees and Fines,778176527,General Fund,2010-2011,2011
Licenses Permits Fees and Fines,832712064,General Fund,2013-2014,2014
Licenses Permits Fees and Fines,1128045130,General Fund,2018-2019,2019
Licenses Permits Fees and Fines,1046994015,General Fund,2017-2018,2018
Licenses Permits Fees and Fines,725092271,General Fund,2011-2012,2012
Licenses Permits Fees and Fines,723126115,General Fund,2009-2010,2010
Licenses Permits Fees and Fines,908774878,General Fund,2016-2017,2017
Licenses Permits Fees and Fines,830285944,General Fund,2014-2015,2015
Licenses Permits Fees and Fines,872713014,General Fund,2015-2016,2016
Licenses Permits Fees and Fines,769917363,General Fund,2012-2013,2013
